identifier,auction_name,date,ticker,box_title,multiple_final_prices,final_price,IMM,NOI,noi_absolute_value,noi_direction,currency,exchange_rate,currencies_exchange,noi_usd,spread,price_limit
20051104_delphi_CDS,Delphi,4th November 2005,delphi,CDS,False,63.375,66.0,$99 million to sell,99000000.0,1.0,USD,1.0,USD/USD,99000000.0,2.0,67.0
20060117_calpine_CDS,Calpine,17th January 2006,calpine,CDS,False,19.125,20.0,$45 million to sell,45000000.0,1.0,USD,1.0,USD/USD,45000000.0,2.0,21.0
20060331_dana_corporation_CDS,Dana Corporation,31st March 2006,dana_corporation,CDS,False,75.0,75.125,$41 million to sell,41000000.0,1.0,USD,1.0,USD/USD,41000000.0,2.0,76.125
20061128_dura_senior_CDS,Dura Senior,"November 28, 2006",dura_senior,CDS,False,24.125,24.875,$20m (offer side),20000000.0,1.0,USD,1.0,USD/USD,20000000.0,2.0,25.875
20061128_dura_subordinated_CDS,Dura Subordinated,28th November 2006,dura_subordinated,CDS,False,3.5,4.5,$77 million to sell,77000000.0,1.0,USD,1.0,USD/USD,77000000.0,2.0,5.5
20071023_movie_gallery_LCDS,Movie Gallery,"October 23, 2007",movie_gallery,LCDS,False,91.5,90.875,$30.5 million (bid side),30500000.0,-1.0,USD,1.0,USD/USD,30500000.0,2.0,89.875
20080219_quebcr_CDS,Quebecor,19th February 2008,quebcr,CDS,False,41.25,42.125,$66 Million to sell,66000000.0,1.0,USD,1.0,USD/USD,66000000.0,2.0,43.125
20081002_tembec_CDS,Tembec,2nd October 2008,tembec,CDS,False,83.0,85.875,$60 million to sell,60000000.0,1.0,USD,1.0,USD/USD,60000000.0,2.0,86.875
20081006_famefrmc_Fannie-Mae-Senior,Fannie Mae and Freddie Mac,6th October 2008,famefrmc,Fannie-Mae-Senior,True,91.51,92.4,$12 million to buy,12000000.0,-1.0,USD,1.0,USD/USD,12000000.0,2.0,91.4
20081006_famefrmc_Fannie-Mae-Subordinated,Fannie Mae and Freddie Mac,6th October 2008,famefrmc,Fannie-Mae-Subordinated,True,99.9,92.65,$608 million to buy,608000000.0,-1.0,USD,1.0,USD/USD,608000000.0,2.0,91.65
20081006_famefrmc_Freddie-Mac-Senior,Fannie Mae and Freddie Mac,6th October 2008,famefrmc,Freddie-Mac-Senior,True,94.0,93.75,$79 million to buy,79000000.0,-1.0,USD,1.0,USD/USD,79000000.0,2.0,92.75
20081006_famefrmc_Freddie-Mac-Subordinated,Fannie Mae and Freddie Mac,6th October 2008,famefrmc,Freddie-Mac-Subordinated,True,98.0,93.8,$542 million to buy,542000000.0,-1.0,USD,1.0,USD/USD,542000000.0,2.0,92.8
20081010_lehbro_CDS,Lehman Brothers,10th October 2008,lehbro,CDS,False,8.625,9.75,$4.92 billion to sell,4920000.0,1.0,USD,1.0,USD/USD,4920000.0,2.0,10.75
20081023_washmu_CDS,Washington Mutual,23rd October 2008,washmu,CDS,False,57.0,63.625,$988 million to sell.,988000000.0,1.0,USD,1.0,USD/USD,988000000.0,2.0,64.625
20081104_landsb_Senior,Landsbanki,4th November 2008,landsb,Senior,True,1.25,3.375,€454 million to sell,454000000.0,1.0,EUR,0.7800312012480499,USD/EUR,582028000.0,2.0,4.375
20081104_landsb_Subordinated,Landsbanki,4th November 2008,landsb,Subordinated,True,0.125,1.375,€63 million to sell,63000000.0,1.0,EUR,0.7800312012480499,USD/EUR,80766000.0,2.0,2.375
20081105_glitni_Senior,Glitnir,5th November 2008,glitni,Senior,True,3.0,2.0,€187 million to sell,187000000.0,1.0,EUR,0.7770007770007771,USD/EUR,240668999.99999997,2.0,3.0
20081105_glitni_Subordinated,Glitnir,5th November 2008,glitni,Subordinated,True,0.125,1.125,€55 million to sell,55000000.0,1.0,EUR,0.7770007770007771,USD/EUR,70785000.0,2.0,2.125
20081106_kaupth_Senior,Kaupthing Bank,6th November 2008,kaupth,Senior,True,6.625,5.625,€974 million to sell,974000000.0,1.0,EUR,0.7830853563038371,USD/EUR,1243798000.0,2.0,6.625
20081106_kaupth_Subordinated,Kaupthing Bank,6th November 2008,kaupth,Subordinated,True,2.375,1.375,€11 million to sell,11000000.0,1.0,EUR,0.7830853563038371,USD/EUR,14047000.0,2.0,2.375
20081209_masoni_CDS,Masonite,9th December 2008,masoni,CDS,False,52.5,51.125,$18 million to buy,18000000.0,-1.0,USD,1.0,USD/USD,22986000.0,3.0,49.625
20081217_hawtel_CDS,Hawaiian Telcom,17th December 2008,hawtel,CDS,False,40.125,39.125,$8.5 million to sell,8500000.0,1.0,USD,1.0,USD/USD,10854500.0,3.0,40.625
20090106_tribco_CDS,Tribune,6th January 2009,tribco,CDS,True,1.5,3.5,$765 million to sell,765000000.0,1.0,USD,1.0,USD/USD,976905000.0,2.0,4.5
20090106_tribco_LCDS,Tribune,6th January 2009,tribco,LCDS,True,23.75,22.75,$2 million to sell,2000000.0,1.0,USD,1.0,USD/USD,2554000.0,3.0,24.25
20090114_ecuado_CDS,Ecuador,14th January 2009,ecuado,CDS,False,31.375,32.375,$77.482 million to buy,77482000.0,-1.0,USD,1.0,USD/USD,98944514.0,2.0,31.375
20090203_equstr_CDS,Equistar,3rd February 2009,equstr,CDS,False,27.5,30.375,$33.476 million to sell,33476000.0,1.0,USD,1.0,USD/USD,42748852.0,2.0,31.375
20090203_lyodel_CDS,Lyondell,3rd February 2009,lyodel,CDS,True,15.5,23.25,$143.238 million to sell,143238000.0,1.0,USD,1.0,USD/USD,182914926.0,2.0,24.25
20090203_lyodel_LCDS,Lyondell,3rd February 2009,lyodel,LCDS,True,20.75,23.125,$138 million to sell,138000000.0,1.0,USD,1.0,USD/USD,176226000.0,3.0,24.625
20090203_millen_CDS,Millennium,3rd February 2009,millen,CDS,False,7.125,6.125,$10.15 million to sell,10150000.0,1.0,USD,1.0,USD/USD,12961550.0,2.0,7.125
20090205_sanitc_1st-Lien,Sanitec,5th February 2009,sanitc,1st-Lien,True,33.5,33.625,€2 million to buy,2000000.0,-1.0,EUR,0.7794839816041781,USD/EUR,2565800.0,3.0,32.125
20090205_sanitc_2nd-Lien,Sanitec,5th February 2009,sanitc,2nd-Lien,True,4.0,4.0,€0,0.0,0.0,EUR,0.7794839816041781,USD/EUR,0.0,5.0,4.0
20090209_br_1st-Lien,British Vita,9th February 2009,br,1st-Lien,True,15.5,17.125,£11 million to sell,11000000.0,1.0,GBP,0.6695879458794588,USD/GBP,16428013.777267508,3.0,18.625
20090209_br_2nd-Lien,British Vita,9th February 2009,br,2nd-Lien,True,2.875,2.875,£0,0.0,0.0,GBP,0.6695879458794588,USD/GBP,0.0,5.0,2.875
20090210_norcor_CDS,Nortel Corp,10th February 2009,norcor,CDS,False,12.0,12.125,$290.47 million to sell,290470000.0,1.0,USD,1.0,USD/USD,433804105.6257176,2.0,13.125
20090210_norltd_CDS,Nortel Ltd.,10th February 2009,norltd,CDS,False,6.5,7.625,$12.916 million to sell,12916000.0,1.0,USD,1.0,USD/USD,19289475.08610792,2.0,8.625
20090219_smurfs_CDS,Smurfit-Stone,19th February 2009,smurfs,CDS,True,8.875,7.875,$128.675 million to sell,128675000.0,1.0,USD,1.0,USD/USD,192170424.7990815,2.0,8.875
20090219_smurfs_LCDS,Smurfit-Stone,19th February 2009,smurfs,LCDS,True,65.375,68.25,$40 million to sell,40000000.0,1.0,USD,1.0,USD/USD,59738231.9173364,3.0,69.75
20090226_fereti_LCDS,Ferretti,26th February 2009,fereti,LCDS,False,10.875,10.875,€0,0.0,0.0,EUR,0.7823501799405413,USD/EUR,0.0,5.0,10.875
20090309_aleris_LCDS,Aleris,9th March 2009,aleris,LCDS,False,8.0,3.5,$40 million to buy,40000000.0,-1.0,USD,1.0,USD/USD,51128000.0,3.0,2.0
20090331_stncas_CDS,Station Casinos,31st March 2009,stncas,CDS,False,32.0,29.375,$24 million to buy,24000000.0,-1.0,USD,1.0,USD/USD,30676800.0,2.0,28.375
20090414_chmtra_CDS,Chemtura,14th April 2009,chmtra,CDS,False,15.0,20.875,$98.738 million to sell,98738000.0,1.0,USD,1.0,USD/USD,126206911.60000001,2.0,21.875
20090414_grtlak_CDS,Great Lakes,14th April 2009,grtlak,CDS,False,18.25,22.875,$130.632 million to sell,130632000.0,1.0,USD,1.0,USD/USD,166973822.4,2.0,23.875
20090415_rouse_CDS,Rouse,15th April 2009,rouse,CDS,False,29.25,28.25,$8.585 million to sell,8585000.0,1.0,USD,1.0,USD/USD,10973347.0,2.0,29.25
20090416_lyobas_CDS,LyondellBasell,16th April 2009,lyobas,CDS,False,2.0,3.375,€95.245 million to sell,95245000.0,1.0,EUR,0.7578053955744164,USD/EUR,125685302.00000001,1.0,3.875
20090417_abitbi_CDS,Abitibi,17th April 2009,abitbi,CDS,False,3.25,3.75,$234.247 million to sell,234247000.0,1.0,USD,1.0,USD/USD,309112341.20000005,2.0,4.75
20090421_chacom_CDS,Charter Communications,21st April 2009,chacom,CDS,True,2.375,1.375,$49.2 million to sell,49200000.0,1.0,USD,1.0,USD/USD,64924320.00000001,2.0,2.375
20090421_chacom_LCDS,Charter Communications,21st April 2009,chacom,LCDS,True,78.0,79.25,$40 million to sell,40000000.0,1.0,USD,1.0,USD/USD,52784000.00000001,3.0,80.75
20090422_capmrk_CDS,Capmark,22nd April 2009,capmrk,CDS,False,23.375,22.375,$115.05 million to sell,115050000.0,1.0,USD,1.0,USD/USD,151819980.00000003,2.0,23.375
20090423_idearc_CDS,Idearc,23rd April 2009,idearc,CDS,True,1.75,1.375,$889.557 million to sell,889557000.0,1.0,USD,1.0,USD/USD,1173859417.2,2.0,2.375
20090423_idearc_LCDS,Idearc,23rd April 2009,idearc,LCDS,True,38.5,37.5,$10 million to sell,10000000.0,1.0,USD,1.0,USD/USD,13196000.000000002,3.0,39.0
20090512_bowatr_CDS,Bowater,12th May 2009,bowatr,CDS,False,15.0,14.0,$117.583 million to sell,117583000.0,1.0,USD,1.0,USD/USD,155162526.8,2.0,15.0
20090513_gegrpr_LCDS,General Growth Properties,13th May 2009,gegrpr,LCDS,False,44.25,43.25,$20 million to sell,20000000.0,1.0,USD,1.0,USD/USD,26392000.000000004,3.0,44.75
20090527_syncra_CDS,Syncora,27th May 2009,syncra,CDS,False,15.0,12.375,$234.924 million to buy,234924000.0,-1.0,USD,1.0,USD/USD,310005710.40000004,3.0,10.875
20090528_edscha_LCDS,Edscha,28th May 2009,edscha,LCDS,False,3.75,3.75,€0,0.0,0.0,EUR,0.7217090069284064,USD/EUR,0.0,4.0,3.75
20090609_hliop_LCDS,HLI Operating Company,9th June 2009,hliop,LCDS,False,9.5,9.625,$7 million to sell,7000000.0,1.0,USD,1.0,USD/USD,9699200.0,5.0,12.125
20090610_geguco_LCDS,Georgia Gulf,10th June 2009,geguco,LCDS,False,83.0,81.125,$16 million to buy,16000000.0,-1.0,USD,1.0,USD/USD,22169600.0,3.0,79.625
20090610_jscbta_CDS,JSC BTA Bank,10th June 2009,jscbta,CDS,False,10.25,22.25,$809 million to sell,809000000.0,1.0,USD,1.0,USD/USD,1120950400.0,2.0,23.25
20090611_rhdcor_CDS,R.H. Donnelley Corp.,11th June 2009,rhdcor,CDS,False,4.875,4.875,$143.9 million to sell,143900000.0,1.0,USD,1.0,USD/USD,199387840.0,2.0,5.875
20090612_genmtr_CDS,General Motors,12th June 2009,genmtr,CDS,True,12.5,11.0,$529.098 million to buy,529098000.0,-1.0,USD,1.0,USD/USD,733118188.8000001,2.0,10.0
20090612_genmtr_LCDS,General Motors,12th June 2009,genmtr,LCDS,True,97.5,97.25,$46 million to sell,46000000.0,1.0,USD,1.0,USD/USD,63737600.0,3.0,98.75
20090618_jscali_CDS,JSC Alliance Bank,18th June 2009,jscali,CDS,False,16.75,16.375,$28 million to buy,28000000.0,-1.0,USD,1.0,USD/USD,38796800.0,4.0,14.375
20090623_viston_CDS,Visteon,23rd June 2009,viston,CDS,True,3.0,4.75,$179.677 million to sell,179677000.0,1.0,USD,1.0,USD/USD,248960451.20000002,2.0,5.75
20090623_viston_LCDS,Visteon,23rd June 2009,viston,LCDS,True,39.0,40.0,$40 million to sell,40000000.0,1.0,USD,1.0,USD/USD,55424000.0,3.0,41.5
20090624_dexest_LCDS,Dex Media East,24th June 2009,dexest,LCDS,False,77.25,76.375,$17 million to sell,17000000.0,1.0,USD,1.0,USD/USD,23555200.0,3.0,77.875
20090624_dexwst_LCDS,Dex Media West,24th June 2009,dexwst,LCDS,False,82.875,83.625,$13 million to sell,13000000.0,1.0,USD,1.0,USD/USD,18012800.0,3.0,85.125
20090624_rhdltd_LCDS,R.H. Donnelley Inc.,24th June 2009,rhdltd,LCDS,False,78.125,77.125,$37 million to sell,37000000.0,1.0,USD,1.0,USD/USD,51267200.0,3.0,78.625
20090709_sixflg_CDS,Six Flags,9th July 2009,sixflg,CDS,True,14.0,13.0,$62 million to buy,62000000.0,-1.0,USD,1.0,USD/USD,85907200.0,2.0,12.0
20090709_sixflg_LCDS,Six Flags,9th July 2009,sixflg,LCDS,True,96.125,95.75,$19 million to sell,19000000.0,1.0,USD,1.0,USD/USD,26326400.0,3.0,97.25
20090721_leacor_CDS,Lear Corp,21st July 2009,leacor,CDS,True,38.5,40.125,$172.528 million to sell,172528000.0,1.0,USD,1.0,USD/USD,239054796.8,2.0,41.125
20090721_leacor_LCDS,Lear Corp,21st July 2009,leacor,LCDS,True,66.0,67.75,$70 million to sell,70000000.0,1.0,USD,1.0,USD/USD,96992000.0,3.0,69.25
20090730_brabin_Senior,Bradford & Bingley,30th July 2009,brabin,Senior,True,94.625,85.875,€145.334 million to buy,145334000.0,-1.0,EUR,0.7115918309257809,USD/EUR,204237870.20000002,4.0,83.875
20090730_brabin_Subordinated,Bradford & Bingley,30th July 2009,brabin,Subordinated,True,5.0,6.0,€27.67 million to sell,27670000.0,1.0,EUR,0.7115918309257809,USD/EUR,38884651.0,4.0,8.0
20091008_sspflt_LCDS,SSP,8th October 2009,sspflt,LCDS,False,52.375,52.375,£0,0.0,0.0,GBP,0.6231795705479917,USD/GBP,0.0,5.0,52.375
20091022_thmbrd_2.5-year-maturity-bucket,Thomson,22nd October 2009,thmbrd,2.5-year-maturity-bucket,True,96.25,91.25,€80.967 million to sell,80967000.0,1.0,EUR,0.6666666666666666,USD/EUR,121450500.0,10.0,96.25
20091022_thmbrd_5-year-maturity-bucket,Thomson,22nd October 2009,thmbrd,5-year-maturity-bucket,True,65.125,80.375,€220.669 million to sell,220669000.0,1.0,EUR,0.6666666666666666,USD/EUR,331003500.0,10.0,85.375
20091022_thmbrd_7.5-year-maturity-bucket,Thomson,22nd October 2009,thmbrd,7.5-year-maturity-bucket,True,63.25,80.0,€147.568 million to sell,147568000.0,1.0,EUR,0.6666666666666666,USD/EUR,221352000.0,10.0,85.0
20091110_mgminc_LCDS,MGM,10th November 2009,mgminc,LCDS,False,58.5,58.75,$23 million to sell,23000000.0,1.0,USD,1,USD/USD,34500000.0,3.0,60.25
20091120_citgrp_CDS,CIT,20th November 2009,citgrp,CDS,False,68.125,70.25,$728.98 million to sell,728980000.0,1.0,USD,1,USD/USD,1093470000.0,2.0,71.25
20091210_thomsn_CDS,Thomson  (Bankruptcy),10th December 2009,thomsn,CDS,False,77.75,75.75,€57.495 million to sell,57495000.0,1.0,EUR,0.678886625933469,USD/EUR,84690135.00000001,4.0,77.75
20091215_hellas_CDS-Subordinated,Hellas II,15th December 2009,hellas,CDS-Subordinated,False,1.375,1.25,€246.243 million to sell,246243000.0,1.0,EUR,0.6877106113747335,USD/EUR,358061946.29999995,2.0,2.25
20091216_nafukr_CDS,NJSC Naftogaz of Ukraine,16th December 2009,nafukr,CDS,False,83.5,84.125,$135.645 million to sell,135645000.0,1.0,USD,1,USD/USD,197241394.5,2.0,85.125
20100107_fgic_CDS,Financial Guaranty Insurance Company (FGIC),7 January 2010,fgic,CDS,True,26.0,19.75,$182.255 million to buy,182255000.0,-1.0,USD,1,USD/USD,265016995.5,3.0,18.25
20100218_cemex_CDS,CEMEX,18 February 2010,cemex,CDS,True,97.0,92.0,$90.425 million to buy,90425000.0,-1.0,USD,1,USD/USD,131486992.5,5.0,89.5
20100325_aiful_CDS,Aiful,25 March 2010,aiful,CDS,True,33.875,31.375,"JPY 17,020.6 million to sell",17000000.0,1.0,JPY,92.4228811021264,USD/JPY,183937.13545042122,5.0,33.875
20100415_carstn_LCDS-LIEN1,McCarthy and Stone,15 April 2010,carstn,LCDS-LIEN1,True,70.375,70.375,£0 million to buy,0.0,-1.0,GBP,0.6477776137034849,USD/GBP,0.0,10.0,65.375
20100422_jalcor_CDS,Japan Airlines Corporation,22 April 2010,jalcor,CDS,True,20.0,18.0,JPY 300 million to sell,300000000.0,1.0,JPY,92.98298223255117,USD/JPY,3226396.839474321,4.0,20.0
20100604_ABK-AssurCorp_CDS,Ambac Assurance Corp,04 June 2010,ABK-AssurCorp,CDS,False,20.0,27.5,USD 300.098 million to sell,300098000.0,1.0,USD,1,USD/USD,3227450.7957752156,3.0,29.0
20100715_TRUVO-SubCo_CDS,Truvo Subsidiary Corp,15 July 2010,TRUVO-SubCo,CDS,False,3.0,3.0,EUR 235.263 million to sell,235263000.0,1.0,EUR,0.7795447458684129,USD/EUR,301795376.4,1.0,3.5
20100909_WorldDir-B07_LCDS,Truvo (formerly known as World Directories),09 September 2010,WorldDir-B07,LCDS,False,41.125,41.125,EUR 0,0.0,0.0,EUR,0.7864726700747149,USD/EUR,0.0,5.0,41.125
20100921_BOSG_LCDS,"Boston Generating, LLC",21 September 2010,BOSG,LCDS,False,96.75,95.875,USD 5 million to buy,5000000.0,-1.0,USD,1,USD/USD,6357500.0,3.0,94.375
20101028_TAKFUJ_CDS,Takefuji Corp,28 October 2010,TAKFUJ,CDS,False,14.75,13.25,JPY 21200 million to sell,21200000000.0,1.0,JPY,81.2369199682471,USD/JPY,260965088.3894466,3.0,14.75
20101209_ANGBKL_CDS-SNR-or-SUB-Bucket1,Anglo Irish Bank,09 December 2010,ANGBKL,CDS-SNR-or-SUB-Bucket1,True,74.5,78.25,EUR 104.05 million to sell,104050000.0,1.0,EUR,0.7567731194187983,USD/EUR,137491670.0,3.5,80.0
20101209_ANGBKL_CDS-Senior-Bucket2,Anglo Irish Bank,09 December 2010,ANGBKL,CDS-Senior-Bucket2,True,76.0,77.125,EUR 23.5 million to sell,23500000.0,1.0,EUR,0.7567731194187983,USD/EUR,31052899.999999996,3.5,78.875
20101209_ANGBKL_CDS-Senior-Bucket3,Anglo Irish Bank,09 December 2010,ANGBKL,CDS-Senior-Bucket3,True,74.5,76.25,EUR 22.55 million to buy,22550000.0,-1.0,EUR,0.7567731194187983,USD/EUR,29797569.999999996,3.5,74.5
20101209_ANGBKL_CDS-Subordinated-Bucket2,Anglo Irish Bank,09 December 2010,ANGBKL,CDS-Subordinated-Bucket2,True,18.25,18.5,EUR 11.25 million to sell,11250000.0,1.0,EUR,0.7567731194187983,USD/EUR,14865749.999999998,2.5,19.75
20101209_ANGBKL_CDS-Subordinated-Bucket3,Anglo Irish Bank,09 December 2010,ANGBKL,CDS-Subordinated-Bucket3,True,18.0,18.25,EUR 30 million to sell,30000000.0,1.0,EUR,0.7567731194187983,USD/EUR,39641999.99999999,2.5,19.5
20101210_ABK_CDS,Ambac Financial Group,10 December 2010,ABK,CDS,False,9.5,12.75,USD 407.905 million to sell,407905000.0,1.0,USD,1,USD/USD,539005667.0,2.0,13.75
20110202_ANGBKL2_CDS-25-years-maturity,Anglo Irish Bank Corporation Limited Credit Event  December Restructuring,02 February 2011,ANGBKL2,CDS-25-years-maturity,False,71.25,73.0,EUR 7.9 million to buy,7900000.0,-1.0,EUR,0.7244801854669274,USD/EUR,10904370.000000002,3.5,71.25
20110630_AIB_CDS-Senior,Allied Irish Bks PLC,30 June 2011,AIB,CDS-Senior,True,70.125,71.375,EUR 2.05 million to buy,2050000.0,-1.0,EUR,0.691897875873521,USD/EUR,2962865.0,2.5,70.125
20110630_AIB_CDS-Subordinated,Allied Irish Bks PLC,30 June 2011,AIB,CDS-Subordinated,True,10.375,12.0,EUR 22.65 million to buy,22650000.0,-1.0,EUR,0.691897875873521,USD/EUR,32736045.000000004,4.0,10.0
20110728_BKIR_CDS-SNR-or-SUB-Bucket1,The Governor and Company of the Bank of Ireland,28 July 2011,BKIR,CDS-SNR-or-SUB-Bucket1,True,86.5,86.0,EUR 31 million to buy,31000000.0,-1.0,EUR,0.7012622720897616,USD/EUR,44206000.0,3.0,84.5
20110728_BKIR_CDS-Senior-Bucket2,The Governor and Company of the Bank of Ireland,28 July 2011,BKIR,CDS-Senior-Bucket2,True,76.625,75.125,EUR 12.8 million to sell,12800000.0,1.0,EUR,0.7012622720897616,USD/EUR,18252800.0,3.0,76.625
20110728_BKIR_CDS-Senior-Bucket3,The Governor and Company of the Bank of Ireland,28 July 2011,BKIR,CDS-Senior-Bucket3,True,72.875,74.25,EUR 5.15 million to buy,5150000.0,-1.0,EUR,0.7012622720897616,USD/EUR,7343900.0,3.0,72.75
20110728_BKIR_CDS-Senior-Bucket6,The Governor and Company of the Bank of Ireland,28 July 2011,BKIR,CDS-Senior-Bucket6,True,72.5,72.5,None,,,EUR,0.7012622720897616,USD/EUR,,3.0,72.5
20110728_BKIR_CDS-Subordinated-Bucket2,The Governor and Company of the Bank of Ireland,28 July 2011,BKIR,CDS-Subordinated-Bucket2,True,35.625,34.125,EUR 3 million to sell,3000000.0,1.0,EUR,0.7012622720897616,USD/EUR,4278000.0,3.0,35.625
20110728_BKIR_CDS-Subordinated-Bucket3,The Governor and Company of the Bank of Ireland,28 July 2011,BKIR,CDS-Subordinated-Bucket3,True,37.25,34.5,EUR 28 million to buy,28000000.0,-1.0,EUR,0.7012622720897616,USD/EUR,39928000.0,3.0,33.0
20110728_BKIR_CDS-Subordinated-Bucket6,The Governor and Company of the Bank of Ireland,28 July 2011,BKIR,CDS-Subordinated-Bucket6,True,34.25,34.25,EUR 3 million to buy,3000000.0,-1.0,EUR,0.7012622720897616,USD/EUR,4278000.0,3.0,32.75
20110729_IPBS_CDS-Senior-Bucket1,Irish Life and Permanent,29 July 2011,IPBS,CDS-Senior-Bucket1,True,83.0,81.75,EUR 25 million to buy,25000000.0,-1.0,EUR,0.7012622720897616,USD/EUR,35650000.0,3.0,80.25
20110729_IPBS_CDS-Senior-Bucket2,Irish Life and Permanent,29 July 2011,IPBS,CDS-Senior-Bucket2,True,71.0,71.125,EUR 11.6 million to sell,11600000.0,1.0,EUR,0.7012622720897616,USD/EUR,16541600.0,3.0,72.625
20110729_IPBS_CDS-Senior-Bucket3,Irish Life and Permanent,29 July 2011,IPBS,CDS-Senior-Bucket3,True,71.0,70.125,EUR 10 million to buy,10000000.0,-1.0,EUR,0.7012622720897616,USD/EUR,14260000.0,3.0,68.625
20110729_IPBS_CDS-Subordinated-Bucket1,Irish Life and Permanent,29 July 2011,IPBS,CDS-Subordinated-Bucket1,True,38.25,38.25,EUR 11.5 million to sell,11500000.0,1.0,EUR,0.7012622720897616,USD/EUR,16399000.0,3.0,39.75
20110729_IPBS_CDS-Subordinated-Bucket2,Irish Life and Permanent,29 July 2011,IPBS,CDS-Subordinated-Bucket2,True,21.375,21.375,None,,,EUR,0.7012622720897616,USD/EUR,,3.0,21.375
20110729_IPBS_CDS-Subordinated-Bucket3,Irish Life and Permanent,29 July 2011,IPBS,CDS-Subordinated-Bucket3,True,20.0,20.875,EUR 5 million to sell,5000000.0,1.0,EUR,0.7012622720897616,USD/EUR,7130000.0,3.0,22.375
20111005_IPBS2_CDS-Senior-Bucket-1,Irish Life and Permanent - August Restructuring,05 October 2011,IPBS2,CDS-Senior-Bucket-1,True,86.0,86.0,None,,,EUR,0.7497938067031565,USD/EUR,,3.0,86.0
20111005_IPBS2_CDS-Senior-Bucket-2,Irish Life and Permanent - August Restructuring,05 October 2011,IPBS2,CDS-Senior-Bucket-2,True,75.0,75.125,EUR 10 million to buy,10000000.0,-1.0,EUR,0.7497938067031565,USD/EUR,13337000.000000002,3.0,73.625
20111109_JVC_CDS,Victor Company of Japan,09 November 2011,JVC,CDS,False,93.75,94.5,JPY 2400 million to sell,2400000000.0,1.0,JPY,77.72317171568987,USD/JPY,30878822.197055493,3.0,96.0
20111123_PANRIC_LCDS,Panrico,23 November 2011,PANRIC,LCDS,False,8.125,8.125,None,,,EUR,0.7469933517591694,USD/EUR,,10.0,8.125
20111129_DYNHLD_CDS,"Dynegy Holdings, LLC",29 November 2011,DYNHLD,CDS,False,71.25,69.5,USD 61.156 million to buy,61156000.0,-1.0,USD,1,USD/USD,81869537.2,2.0,68.5
20111209_SPGIM_CDS,Seat Pagine Gialle,09 December 2011,SPGIM,CDS,False,10.0,12.75,EUR 66.75 million to sell,66750000.0,1.0,EUR,0.7471607890017932,USD/EUR,89338200.0,2.0,13.75
20111213_PMI_CDS,PMI Group,13 December 2011,PMI,CDS,False,16.5,18.125,USD 375.588 million to sell,375588000.0,1.0,USD,1,USD/USD,502686979.2,2.0,19.125
20111215_AMR_CDS,AMR Corp,15 December 2011,AMR,CDS,False,23.5,22.0,USD 119.485 million to buy,119485000.0,-1.0,USD,1,USD/USD,159918724.0,2.0,21.0
20120117_Seat-A05_LCDS,SEAT,17 January 2012,Seat-A05,LCDS,False,45.0,60.25,13.649 million to sell,13649000.0,1.0,EUR,0.7818608287724785,USD/EUR,17457071.0,5.0,62.75
20120202_NRAMC_CDS-Bucket-1,Northern Rock (Asset Management) plc,02 February 2012,NRAMC,CDS-Bucket-1,True,104.25,99.25,EUR 17.5 million to buy,17500000.0,-1.0,EUR,0.7637085688101422,USD/EUR,22914499.999999996,3.0,97.75
20120202_NRAMC_CDS-Bucket-2,Northern Rock (Asset Management) plc,02 February 2012,NRAMC,CDS-Bucket-2,True,99.125,98.5,EUR 11 million to buy,11000000.0,-1.0,EUR,0.7637085688101422,USD/EUR,14403399.999999998,3.0,97.0
20120222_EK_CDS,Eastman Kodak Co,22 February 2012,EK,CDS,False,23.875,22.875,USD 226.369 million to sell,226369000.0,1.0,USD,1,USD/USD,296407568.59999996,2.0,23.875
20120319_GREECE_CDS,Hellenic Republic,19 March 2012,GREECE,CDS,False,21.5,21.75,EUR 291.6 million to sell,291600000.0,1.0,EUR,0.7604562737642586,USD/EUR,383453999.99999994,2.0,22.75
20120322_HITACH-Elpida_CDS,Elpida Memory,22 March 2012,HITACH-Elpida,CDS,False,21.0,20.125,JPY 1800 million to sell,1800000000.0,1.0,JPY,83.08650413913571,USD/JPY,21664168.190127973,2.0,21.125
20120328_FCGIA_LCDS,Financiere Gaillon 7,28 March 2012,FCGIA,LCDS,False,98.0,92.25,5 million to buy,5000000.0,-1.0,EUR,0.7497938067031565,USD/EUR,6668500.000000001,10.0,87.25
20120329_ERCIFT_CDS,ERC Ireland Fin Ltd,29 March 2012,ERCIFT,CDS,False,0.0,1.0,EUR 123.3 million to sell,123300000.0,1.0,EUR,0.7534659433393611,USD/EUR,163643760.0,2.0,2.0
20120426_HAWKER-Acqui_LCDS,Hawker Beechcraft Acquisition Co LLC,26 April 2012,HAWKER-Acqui,LCDS,False,63.5,64.5,3 million to buy,3000000.0,-1.0,USD,1,USD/USD,3981599.9999999995,2.0,63.5
20120502_ELCDS-Eircom_LCDS-LIEN1,Eircom,02 May 2012,ELCDS-Eircom,LCDS-LIEN1,True,62.0,63.625,39 million to sell,39000000.0,1.0,EUR,0.7615566217348261,USD/EUR,51210899.99999999,5.0,66.125
20120502_ELCDS-Eircom_LCDS-LIEN2,Eircom,02 May 2012,ELCDS-Eircom,LCDS-LIEN2,True,7.125,8.125,1 million to buy,1000000.0,-1.0,EUR,0.7615566217348261,USD/EUR,1313099.9999999998,5.0,5.625
20120509_SIFO_CDS,Sino Forest Corp,09 May 2012,SIFO,CDS,False,29.0,28.625,USD 36.05 million to sell,36050000.0,1.0,USD,1,USD/USD,47337254.99999999,2.0,29.625
20120530_HTNMIF_CDS,Houghton Mifflin Harcourt Publishing Co,30 May 2012,HTNMIF,CDS,False,55.5,55.625,USD 16.165 million to sell,16165000.0,1.0,USD,1,USD/USD,21226261.499999996,2.0,56.625
20120606_GM-ResCLLC_CDS,Residential Cap LLC,06 June 2012,GM-ResCLLC,CDS,False,17.625,18.625,USD 29.032 million to buy,29032000.0,-1.0,USD,1,USD/USD,38121919.199999996,2.0,17.625
20121115_ELCDS-Yell_LCDS-LIEN1,Yell Limited,15 November 2012,ELCDS-Yell,LCDS-LIEN1,False,50.0,31.5,EUR 18.5 million to buy,18500000.0,-1.0,EUR,0.7839448102853559,USD/EUR,23598600.0,5.0,29.0
20121206_OSG_CDS,OVERSEAS SHIPHOLDING GROUP INC,06 December 2012,OSG,CDS,False,35.5,38.0,USD 41.185 million to sell,41185000.0,1.0,USD,1,USD/USD,52535586.0,2.0,39.0
20130116_EIX-EdMisEnergy_CDS,Edison Mission Energy,16 January 2013,EIX-EdMisEnergy,CDS,False,48.5,47.75,USD 6.25 million to buy,6250000.0,-1.0,USD,1,USD/USD,7972500.0,2.0,46.75
20130131_PJHOLDCO_LCDS,Mediannuaire,31 January 2013,PJHOLDCO,LCDS,False,40.0,40.5,EUR 2 million to buy,2000000.0,-1.0,EUR,0.7380073800738007,USD/EUR,2710000.0,5.0,38.0
20130404_SNSBNK_CDS-SNR-or-SUB,SNS Bank NV,04 April 2013,SNSBNK,CDS-SNR-or-SUB,True,85.5,88.75,EUR 11.65 million to sell,11650000.0,1.0,EUR,0.7801529099703541,USD/EUR,14932970.000000002,2.0,89.75
20130404_SNSBNK_CDS-SNR-or-SUB-Bucket-1,SNS Bank NV,04 April 2013,SNSBNK,CDS-SNR-or-SUB-Bucket-1,True,95.5,96.375,EUR 13 million to sell,13000000.0,1.0,EUR,0.7801529099703541,USD/EUR,16663400.000000002,2.0,97.375
20130424_DXMI_LCDS,"Dex Media West, Inc.",24 April 2013,DXMI,LCDS,False,79.0,78.875,2 million to buy,2000000.0,-1.0,USD,1.0,USD/USD,2563600.0,2.0,77.875
20130424_SPMD_LCDS,SuperMedia Inc.,24 April 2013,SPMD,LCDS,False,74.625,74.625,2 million to buy,2000000.0,-1.0,USD,1.0,USD/USD,2563600.0,2.0,73.625
20130605_BANKSA_CDS-SNR-or-SUB,Bankia,05 June 2013,BANKSA,CDS-SNR-or-SUB,True,87.5,87.5,EUR 21 million to buy,21000000.0,-1.0,EUR,0.7652865998316369,USD/EUR,27440700.0,3.0,86.0
20130605_BANKSA_CDS-SNR-or-SUB-Bucket-1,Bankia,05 June 2013,BANKSA,CDS-SNR-or-SUB-Bucket-1,True,96.25,97.125,EUR 12.7 million to buy,12700000.0,-1.0,EUR,0.7652865998316369,USD/EUR,16595090.0,2.0,96.125
20130605_BANKSA_CDS-SNR-or-SUB-Bucket-2,Bankia,05 June 2013,BANKSA,CDS-SNR-or-SUB-Bucket-2,True,88.5,87.875,EUR 7.5 million to sell,7500000.0,1.0,EUR,0.7652865998316369,USD/EUR,9800250.0,2.0,88.875
20130605_BANKSA_CDS-SNR-or-SUB-Bucket-3,Bankia,05 June 2013,BANKSA,CDS-SNR-or-SUB-Bucket-3,True,86.5,87.75,EUR 10 million to sell,10000000.0,1.0,EUR,0.7652865998316369,USD/EUR,13067000.0,3.0,89.25
20130606_URBISA_CDS,Urbi Desarrollos Urbanos S A Bursatil de Cap Variable,06 June 2013,URBISA,CDS,False,19.0,24.5,USD 72.9 million to sell,72900000.0,1.0,USD,1,USD/USD,95258430.0,4.0,26.5
20130806_CENGLQ_LCDS,Cengage Learning Acquisitions Inc,06 August 2013,CENGLQ,LCDS,False,74.0,74.0,0 million,0.0,0.0,USD,1,USD/USD,0.0,2.0,74.0
20131009_CODSA-Fin_CDS,CODERE Fin LUXEMBOURG SA,09 October 2013,CODSA-Fin,CDS,False,54.5,48.125,EUR 103.45 million to buy,103450000.0,-1.0,EUR,0.7399186089530152,USD/EUR,139812675.0,2.0,47.125
20131204_OGXPET_CDS,OGX PETROLEO E GAS PARTICIPACOES SA,04 December 2013,OGXPET,CDS,False,9.0,9.0,USD 0.2 million to buy,200000.0,-1.0,USD,1,USD/USD,270300.0,2.0,8.0
20140521_ENERFUT_CDS,Energy Future Intermediate Holding Company LLC/EFIH Finance Inc.,21 May 2014,ENERFUT,CDS,False,105.75,105.75,0 Million,0.0,0.0,USD,1.0,USD/USD,0.0,2.0,105.75
20140521_ENERGFU_CDS,Energy Future Holdings Corp.,21 May 2014,ENERGFU,CDS,False,56.125,57.125,USD 23.944 million to buy,23944000.0,-1.0,USD,1,USD/USD,32360316.0,4.0,55.125
20140521_TXU-Texas-LCDS_LCDS-LIEN1,Texas Competitive Electric Holdings Company LLC. LCDS,21 May 2014,TXU-Texas-LCDS,LCDS-LIEN1,False,78.75,77.25,USD 141 million to buy,141000000.0,-1.0,USD,1,USD/USD,190561500.0,2.0,76.25
20140521_TXU-Texas_CDS,Texas Competitive Electric Holdings Company LLC,21 May 2014,TXU-Texas,CDS,False,8.5,8.75,USD 70.75 million to sell,70750000.0,1.0,USD,1,USD/USD,95618625.0,1.0,9.25
20140819_SOLOGRO_LCDS,Solocal Group S.A. (formerly known as PagesJaunes Group S.A.),19 August 2014,SOLOGRO,LCDS,False,88.5,89.5,EUR 0.5 million to buy,500000.0,-1.0,EUR,0.7488392990864161,USD/EUR,667700.0,5.0,87.0
20140903_ARGENT_CDS,Argentine Republic,03 September 2014,ARGENT,CDS,False,39.5,40.25,USD 96.03 million to buy,96030000.0,-1.0,USD,1,USD/USD,128238461.99999999,2.0,39.25
20150219_CESEOP_CDS,Caesars Entmt Oper Co Inc,19 February 2015,CESEOP,CDS,True,15.875,14.875,USD 49.094 million to sell,49094000.0,1.0,USD,1,USD/USD,65560127.599999994,2.0,15.875
20150219_CESEOP_LCDS,Caesars Entmt Oper Co Inc,19 February 2015,CESEOP,LCDS,True,96.0,92.25,37 million to buy,37000000.0,-1.0,USD,1,USD/USD,49409800.0,2.0,91.25
20150305_RSH_CDS,RadioShack Corp,05 March 2015,RSH,CDS,False,11.5,11.0,USD 59.318 million to sell,59318000.0,1.0,USD,1,USD/USD,79213257.19999999,2.0,12.0
20150623_SABINOI_CDS,Sabine Oil Gas Corp,23 June 2015,SABINOI,CDS,False,15.875,14.875,USD 46.833 million to sell,46833000.0,1.0,USD,1,USD/USD,62540788.199999996,2.0,15.875
20150917_AAHI_CDS,Alpha Appalachia Hldgs Inc,17 September 2015,AAHI,CDS,False,6.0,14.125,USD 47.638 million to sell,47638000.0,1.0,USD,1,USD/USD,63615785.199999996,4.0,16.125
20151006_UKRAIN_CDS,Ukraine,06 October 2015,UKRAIN,CDS,False,80.625,79.625,USD 15.45 million to sell,15450000.0,1.0,USD,1,USD/USD,20631930.0,2.0,80.625
20160114_ABNG_CDS,ABENGOA SA,14 January 2016,ABNG,CDS,False,4.625,6.5,EUR 329.4 million to sell,329400000.0,1.0,EUR,0.9180207472688884,USD/EUR,358815419.99999994,2.0,7.5
20160406_PACIEXP_CDS,PACIFIC EXPL PRODTN CORP,06 April 2016,PACIEXP,CDS,False,20.0,19.375,USD 1.23 million to sell,1230000.0,1.0,USD,1,USD/USD,1339838.9999999998,4.0,21.375
20160504_PLCOAL_CDS,Peabody Engy Corp,04 May 2016,PLCOAL,CDS,False,11.0,11.125,65.267 million to sell,65267000.0,1.0,USD,1.0,USD/USD,71095343.1,2.0,12.125
20160622_NSINO_CDS,Norske Skogindustrier ASA,22 June 2016,NSINO,CDS,True,2.25,3.5,EUR 69.25 million to sell,69250000.0,1.0,EUR,0.8862891075068686,USD/EUR,78134775.00000001,4.0,5.5
20160622_NSINO_CDS-Bucket,Norske Skogindustrier ASA,22 June 2016,NSINO,CDS-Bucket,True,29.625,29.625,EUR 34.1 million to sell,34100000.0,1.0,EUR,0.8862891075068686,USD/EUR,38475030.00000001,4.0,31.625
20160622_NSINO_CDS-Bucket-3,Norske Skogindustrier ASA,22 June 2016,NSINO,CDS-Bucket-3,True,27.0,27.0,EUR 0 million,0.0,0.0,EUR,0.8862891075068686,USD/EUR,0.0,4.0,27.0
20160622_NSINO_CDS-Bucket-4,Norske Skogindustrier ASA,22 June 2016,NSINO,CDS-Bucket-4,True,12.0,20.625,EUR 5.55 million to sell,5550000.0,1.0,EUR,0.8862891075068686,USD/EUR,6262065.000000001,4.0,22.625
20160721_PLTMPL-IntFin_CDS,Portugal Telecom International Finance B.V.,21 July 2016,PLTMPL-IntFin,CDS,False,20.0,19.375,EUR 86.2 million to sell,86200000.0,1.0,EUR,0.9078529278256923,USD/EUR,94949300.0,2.0,20.375
20160817_CMNWPR_CDS,Commonwealth of Puerto Rico,17 August 2016,CMNWPR,CDS,False,58.5,58.0,USD 8.265 million to buy,8265000.0,-1.0,USD,1,USD/USD,9103897.5,2.0,57.0
20160824_GRUPOIS_CDS,Grupo Isolux Corsan Finance B.V.,24 August 2016,GRUPOIS,CDS,False,15.75,18.625,EUR 56.9 million to sell,56900000.0,1.0,EUR,0.8874689385871495,USD/EUR,64114920.0,3.0,20.125
20170202_IHEAINC_CDS,iHeartCommunications Inc,02 February 2017,IHEAINC,CDS,True,35.5,36.875,USD 181.982 million to sell,181982000.0,1.0,USD,1,USD/USD,205057317.6,2.0,37.875
20170202_IHEAINC_LCDS,iHeartCommunications Inc,02 February 2017,IHEAINC,LCDS,True,83.25,83.25,0.0,0.0,0.0,USD,1,USD/USD,0.0,2.0,83.25
20170301_AV_LCDS,Avaya Inc,01 March 2017,AV,LCDS,False,80.5,80.5,0 million to buy,0.0,-1.0,USD,1.0,USD/USD,0.0,2.0,79.5
20170711_GENOENE_CDS,GenOn Energy Inc,11 July 2017,GENOENE,CDS,False,61.0,64.5,USD 63.805 million to sell,63805000.0,1.0,USD,1,USD/USD,71895474.0,2.0,65.5
20170802_PREPA_CDS,Puerto Rico Electric Power Authority,02 August 2017,PREPA,CDS,False,59.0,59.5,USD 3.84 million to sell,3840000.0,1.0,USD,1,USD/USD,4326912.0,2.0,60.5
20170914_NSINO_CDS,Norske Skogindustrier ASA,14 September 2017,NSINO,CDS,True,2.25,3.5,EUR 69.25 million to sell,69250000.0,1.0,EUR,0.8413967185527977,USD/EUR,82303624.99999999,4.0,5.5
20170914_NSINO_CDS-Bucket,Norske Skogindustrier ASA,14 September 2017,NSINO,CDS-Bucket,True,29.625,29.625,EUR 34.1 million to sell,34100000.0,1.0,EUR,0.8413967185527977,USD/EUR,40527849.99999999,4.0,31.625
20170914_NSINO_CDS-Bucket-3,Norske Skogindustrier ASA,14 September 2017,NSINO,CDS-Bucket-3,True,27.0,27.0,EUR 0 million,0.0,0.0,EUR,0.8413967185527977,USD/EUR,0.0,4.0,27.0
20170914_NSINO_CDS-Bucket-4,Norske Skogindustrier ASA,14 September 2017,NSINO,CDS-Bucket-4,True,12.0,20.625,EUR 5.55 million to sell,5550000.0,1.0,EUR,0.8413967185527977,USD/EUR,6596174.999999999,4.0,22.625
20170921_MONTE_CDS-2014,Bca Monte dei Paschi di Siena S p A,21 September 2017,MONTE,CDS-2014,False,49.5,48.75,EUR 2.95 million to buy,2950000.0,-1.0,EUR,0.8399832003359934,USD/EUR,3511974.9999999995,3.0,47.25
20171005_BPESP_CDS-2003-Bucket-1,Banco Popular Español SA,05 October 2017,BPESP,CDS-2003-Bucket-1,True,100.375,101.25,EUR 10 million to buy,10000000.0,-1.0,EUR,0.8516436722875149,USD/EUR,11742000.0,3.0,99.75
20171005_BPESP_CDS-2003-Bucket-2,Banco Popular Español SA,05 October 2017,BPESP,CDS-2003-Bucket-2,True,102.5,102.5,EUR 0 million,0.0,0.0,EUR,0.8516436722875149,USD/EUR,0.0,3.0,102.5
20171011_TOYS_LCDS,TOYS R US DELAWARE INC,11 October 2017,TOYS,LCDS,False,30.625,30.625,USD 0 million to buy,0.0,-1.0,USD,1,USD/USD,0.0,8.0,26.625
20171011_TOY_CDS-Senior,TOYS R US INC,11 October 2017,TOY,CDS-Senior,False,26.0,30.25,USD 81.172 million to sell,81172000.0,1.0,USD,1,USD/USD,95312162.39999999,2.0,31.25
20171101_MONTE_CDS-2003-Bucket-1,Bca Monte dei Paschi di Siena S p A,01 November 2017,MONTE,CDS-2003-Bucket-1,True,100.0,100.75,EUR 55.05 million to buy,55050000.0,-1.0,EUR,0.861178091629349,USD/EUR,63924060.0,2.0,99.75
20171101_MONTE_CDS-2003-Bucket-2,Bca Monte dei Paschi di Siena S p A,01 November 2017,MONTE,CDS-2003-Bucket-2,True,99.875,100.75,EUR 5.5 million to sell,5500000.0,1.0,EUR,0.861178091629349,USD/EUR,6386600.0,2.0,101.75
20171212_VENZ_CDS,Bolivarian Republic of Venezuela,12 December 2017,VENZ,CDS,False,24.5,23.5,USD 105.133 million to buy,105133000.0,-1.0,USD,1,USD/USD,122080439.6,2.0,22.5
20171213_PDV_CDS,"Petróleos de Venezuela, S.A.",13 December 2017,PDV,CDS,False,17.625,19.25,USD 105.92 million to sell,105920000.0,1.0,USD,1,USD/USD,122994304.0,2.0,20.25
20180425_NBLGP_CDS,Noble Group Ltd,25 April 2018,NBLGP,CDS,False,45.25,46.0,USD 6.3 million to sell,6300000.0,1.0,USD,1,USD/USD,7315560.0,2.0,47.0
20180425_NINEWES_CDS,Nine West Hldgs Inc,25 April 2018,NINEWES,CDS,False,12.5,11.5,USD 162.351 million to sell,162351000.0,1.0,USD,1,USD/USD,188521981.2,3.0,13.0
20180502_NOVOBAN_CDS-Bucket,NOVO BCO SA (Non-SRO Transactions),02 May 2018,NOVOBAN,CDS-Bucket,False,87.0,87.0,EUR 0 million to buy,0.0,-1.0,EUR,0.8328475056217206,USD/EUR,0.0,2.0,86.0
20180906_BPESP_CDS-Subordinate,Banco Popular Español SA,06 September 2018,BPESP,CDS-Subordinate,False,0.0,0.0,,,,EUR,0.8595495960116899,USD/EUR,,,0.0
20181127_NOVOBAN_CDS-Senior,NOVO BCO SA (senior SRO transactions only),27 November 2018,NOVOBAN,CDS-Senior,False,89.96,,,,,EUR,0.8827683615819208,USD/EUR,,,
20181129_ASTL_CDS,ASTALDI S per Azioni,29 November 2018,ASTL,CDS,False,30.875,29.0,EUR 37.4 million to buy,37400000.0,-1.0,EUR,0.8781944322472995,USD/EUR,42587380.0,3.0,27.5
20190117_SHC-Acceptance_CDS,Sears Roebuck Accep Corp,17 January 2019,SHC-Acceptance,CDS,False,79.875,55.625,USD 44.936 million to buy,44936000.0,-1.0,USD,1,USD/USD,51168623.2,5.0,53.125
20190123_PKD_CDS,Parker Drilling Co,23 January 2019,PKD,CDS,False,49.0,55.75,USD 47.397 million to sell,47397000.0,1.0,USD,1,USD/USD,53970963.9,5.0,58.25
20190227_PCGPacGasElec_CDS,Pac Gas & Elec Co,27 February 2019,PCGPacGasElec,CDS,False,77.75,76.75,USD 20.8 million to sell,20800000.0,1.0,USD,1,USD/USD,23684960.0,2.0,77.75
20190403_WINDSSE_CDS,Windstream Services LLC,03 April 2019,WINDSSE,CDS,False,29.5,26.75,USD 68.204 million to buy,68204000.0,-1.0,USD,1,USD/USD,77663894.8,3.0,25.25
20190605_NEWLOOAC_CDS,NEW LOOK SR ISSUER PLC,05 June 2019,NEWLOOAC,CDS,False,0.0,1.5,EUR 58.8 million to sell,58800000.0,1.0,EUR,0.888336146397797,USD/EUR,66191159.99999999,3.0,3.0
20190627_GENP_CDS,Rallye,27 June 2019,GENP,CDS,False,12.5,14.875,167.15 million to sell,167150000.0,1.0,EUR,0.8795074758135444,USD/EUR,190049550.0,2.0,15.875
20190724_WFT_CDS-Senior,Weatherford Itl Ltd,24 July 2019,WFT,CDS-Senior,False,44.5,45.125,USD 93.312 million to sell,93312000.0,1.0,USD,1,USD/USD,106095744.0,2.0,46.125
20190807_GALAPHO_CDS,Galapagos Hldg SA,07 August 2019,GALAPHO,CDS,False,6.875,5.875,EUR 14.4 million to sell,14400000.0,1.0,EUR,0.8926977325477593,USD/EUR,16130880.0,2.0,6.875
20190911_TOGUN_CDS-Senior,TOP GUN REALISATIONS 61 LTD,11 September 2019,TOGUN,CDS-Senior,False,100.0,,EUR 0 million to buy,0.0,-1.0,EUR,0.9088430428065073,USD/EUR,0.0,,
20190925_STEIEUR_CDS,STEINHOFF EUROPE AG,25 September 2019,STEIEUR,CDS,False,84.0,83.5,EUR 8.4 million to buy,8400000.0,-1.0,EUR,0.9105809506465125,USD/EUR,9224880.0,4.0,81.5
20191030_THCP_CDS-Senior,THOMAS COOK GROUP PLC,30 October 2019,THCP,CDS-Senior,False,10.125,9.125,EUR 171.7 million to sell,171700000.0,1.0,EUR,0.9004141905276427,USD/EUR,190690020.0,2.0,10.125
20191210_DNSFDS_CDS,Dean Foods Co,10 December 2019,DNSFDS,CDS,False,9.25,10.5,USD 180.986 million to sell,180986000.0,1.0,USD,1,USD/USD,201003051.6,2.0,11.5
20200310_MCLTHY_CDS,McClatchy Co,10 March 2020,MCLTHY,CDS,False,2.0,5.375,USD 62.563 million to sell,62563000.0,1.0,USD,1,USD/USD,69482467.8,5.0,7.875
20200423_LEBAN_CDS,Lebanese Rep,23 April 2020,LEBAN,CDS,False,14.125,16.375,USD 108.7 million to sell,108700000.0,1.0,USD,1,USD/USD,120722220.0,3.0,17.875
20200506_WHPEC_CDS-Senior,Whiting Petroleum Corp,06 May 2020,WHPEC,CDS-Senior,False,7.0,9.5,USD 192.773 million to sell,192773000.0,1.0,USD,1,USD/USD,214093693.8,2.0,10.5
20200513_FRCA_CDS-Senior,Frontier Comms Corp,13 May 2020,FRCA,CDS-Senior,False,28.75,28.25,USD 116.631 million to sell,116631000.0,1.0,USD,1,USD/USD,129530388.6,2.0,29.25
20200519_ECUA_CDS,Rep of Ecuador,19 May 2020,ECUA,CDS,False,34.875,34.5,USD 27.282 million to buy,27282000.0,-1.0,USD,1,USD/USD,30299389.2,3.0,33.0
20200522_DO_CDS-Senior,Diamond Offshore Drilling Inc,22 May 2020,DO,CDS-Senior,False,7.375,6.375,USD 176.585 million to sell,176585000.0,1.0,USD,1,USD/USD,196115301.0,2.0,7.375
20200529_THENEI_CDS,Neiman Marcus Group LLC,29 May 2020,THENEI,CDS,False,3.0,3.5,USD 178.711 million to sell,178711000.0,1.0,USD,1,USD/USD,198476436.6,2.0,4.5
20200604_INTINV_CDS,Intelsat Invts SA,04 June 2020,INTINV,CDS,False,100.0,,USD 0 million to buy,0.0,-1.0,USD,1,USD/USD,0.0,,
20200609_JCP_CDS-Senior,J C Penney Co Inc,09 June 2020,JCP,CDS-Senior,False,0.125,1.375,USD 352.117 million to sell,352117000.0,1.0,USD,1,USD/USD,391061140.2,2.0,2.375
20200612_ARGENT_CDS,Argentine Rep,12 June 2020,ARGENT,CDS,False,31.5,34.5,USD 310.886 million to sell,310886000.0,1.0,USD,1,USD/USD,345269991.6,2.0,35.5
20200624_F-Hertz_CDS,HERTZ CORP,24 June 2020,F-Hertz,CDS,False,26.375,25.375,USD 111.525 million to sell,111525000.0,1.0,USD,1,USD/USD,123859665.0,2.0,26.375
20200707_CALIRES_CDS,CA RES CORP,07 July 2020,CALIRES,CDS,False,1.125,2.875,USD 69.043 million to sell,69043000.0,1.0,USD,1,USD/USD,76679155.8,2.0,3.875
20200729_WIREAG_CDS,Wirecard AG,29 July 2020,WIREAG,CDS,False,11.0,12.875,EUR 50.1 million to sell,50100000.0,1.0,EUR,0.8528784648187633,USD/EUR,58742250.0,2.0,13.875
20200804_CHK_CDS,Chesapeake Engy Corp,04 August 2020,CHK,CDS,False,3.5,4.5,USD 265.626 million to sell,265626000.0,1.0,USD,1,USD/USD,311446485.0,2.0,5.5
20200908_HEMABON_CDS,HEMA BondCo I BV,08 September 2020,HEMABON,CDS,False,68.5,67.75,EUR 4.4 million to sell,4400000.0,1.0,EUR,0.848536274925753,USD/EUR,5185400.0,3.0,69.25
20200910_NE_CDS,Noble Corp,10 September 2020,NE,CDS,False,1.0,1.25,USD 111.585 million to sell,111585000.0,1.0,USD,1,USD/USD,131502922.50000001,2.0,2.25
20200915_MATAFIN_CDS,MATALAN FIN PLC,15 September 2020,MATAFIN,CDS,False,36.5,38.375,GBP 11.5 million to sell,11500000.0,1.0,GBP,0.7744281870164816,USD/GBP,14849666.105651774,4.0,40.375
20201001_PIZZAFI_CDS,Pizzaexpress Fing 1 PLC,01 October 2020,PIZZAFI,CDS,False,0.125,2.625,GBP 47.75 million to sell,47750000.0,1.0,GBP,0.7719792375765827,USD/GBP,61853995.128027074,4.0,4.625
20201020_SELEGRO_CDS,Selecta Group BV,20 October 2020,SELEGRO,CDS,False,51.625,50.125,7.8 million to sell,7800000.0,1.0,EUR,0.8467400508044031,USD/EUR,9211800.0,3.0,51.625
20210113_EUROPMO_CDS,Europcar Mobility Group,13 January 2021,EUROPMO,CDS,False,100.0,73.0,43.3 million to buy,43300000.0,-1.0,EUR,0.821962847279303,USD/EUR,52678780.0,4.0,71.0
20220607_TALEENE_CDS,Talen Energy Supply LLC,07 June 2022,TALEENE,CDS,False,70.0,59.0,USD 106.048 million to buy,106048000.0,-1.0,USD,1,USD/USD,129017996.8,2.0,58.0
20220912_RUSSIA_CDS,Russian Fedn,12 September 2022,RUSSIA,CDS,False,56.125,48.375,USD 502.4 million to buy,502400000.0,-1.0,USD,1,USD/USD,611219840.0,4.0,46.375
20220928_UKRAIN_CDS,Ukraine,28 September 2022,UKRAIN,CDS,False,17.875,18.0,USD 41 million to buy,41000000.0,-1.0,USD,1,USD/USD,49880600.0,2.0,17.0
20230413_DIAMSPO_CDS,DIAMOND SPORTS GROUP LLC,13 April 2023,DIAMSPO,CDS,False,1.75,2.0,USD 44.7 million to sell,44700000.0,1.0,USD,1,USD/USD,54382020.0,2.0,3.0
